{"weights": [123351.44677535619, 28550.270769126095, 13014.050105042415, -7909.945149559595], "bias": 387204.83646694856, "mean_values": [2765.835, 2.995, 1.9, 24.165], "std_values": [1235.1199042097087, 1.4370020876811558, 0.8426149773176358, 14.219626401562033]}